cluster,keyword,target_url,intent,country,priority,published_at,baseline_date,status,why_opportunity
Pocket alternative,Pocket alternative,/pocket-alternative,comparison,USA,P0,,2026-07-16,Needs baseline,Pocket shut down in 2025 which creates durable replacement intent for a focused save-and-return alternative.
Pocket alternative,alternative to Pocket,/pocket-alternative,comparison,USA,P0,,2026-07-16,Needs baseline,Pocket shut down in 2025 which creates durable replacement intent for a focused save-and-return alternative.
Pocket alternative,Pocket replacement,/pocket-alternative,comparison,USA,P0,,2026-07-16,Needs baseline,Pocket shut down in 2025 which creates durable replacement intent for a focused save-and-return alternative.
Pocket alternative,what replaced Pocket,/pocket-alternative,comparison,USA,P0,,2026-07-16,Needs baseline,Pocket shut down in 2025 which creates durable replacement intent for a focused save-and-return alternative.
iPhone capture,save links from iPhone,/ios-app,product-how-to,USA,P0,,2026-07-16,Needs baseline,Native share-sheet capture matches a specific workflow and differentiates Sleevy from generic read-later tools.
iPhone capture,iPhone save links for later,/ios-app,product-how-to,USA,P0,,2026-07-16,Needs baseline,Native share-sheet capture matches a specific workflow and differentiates Sleevy from generic read-later tools.
iPhone capture,iOS share sheet read later app,/ios-app,product-how-to,USA,P0,,2026-07-16,Needs baseline,Native share-sheet capture matches a specific workflow and differentiates Sleevy from generic read-later tools.
iPhone capture,read later app iPhone,/ios-app,product-how-to,USA,P0,,2026-07-16,Needs baseline,Native share-sheet capture matches a specific workflow and differentiates Sleevy from generic read-later tools.
Chrome capture,Chrome read later extension,/chrome-extension,product-solution,USA,P0,,2026-07-16,Needs baseline,Read-later extension demand is established while Sleevy can differentiate through cross-device sync.
Chrome capture,save tabs for later Chrome,/chrome-extension,product-solution,USA,P0,,2026-07-16,Needs baseline,Read-later extension demand is established while Sleevy can differentiate through cross-device sync.
Chrome capture,Chrome extension save links,/chrome-extension,product-solution,USA,P0,,2026-07-16,Needs baseline,Read-later extension demand is established while Sleevy can differentiate through cross-device sync.
Chrome capture,tab saver extension,/chrome-extension,product-solution,USA,P0,,2026-07-16,Needs baseline,Read-later extension demand is established while Sleevy can differentiate through cross-device sync.
Raycast,Raycast read later,/raycast,navigational-product,USA,P1,,2026-07-16,Needs baseline,The Raycast read-later category exists and Sleevy adds one queue shared across its other capture surfaces.
Raycast,Raycast save links,/raycast,navigational-product,USA,P1,,2026-07-16,Needs baseline,The Raycast read-later category exists and Sleevy adds one queue shared across its other capture surfaces.
Raycast,Raycast bookmark manager,/raycast,navigational-product,USA,P1,,2026-07-16,Needs baseline,The Raycast read-later category exists and Sleevy adds one queue shared across its other capture surfaces.
Raycast,search saved links Raycast,/raycast,navigational-product,USA,P1,,2026-07-16,Needs baseline,The Raycast read-later category exists and Sleevy adds one queue shared across its other capture surfaces.
API,read later API,/docs,developer-solution,USA,P1,,2026-07-16,Needs baseline,Likely lower-volume but highly qualified demand makes Sleevy's personal capture API a concrete differentiator.
API,bookmark manager API,/docs,developer-solution,USA,P1,,2026-07-16,Needs baseline,Likely lower-volume but highly qualified demand makes Sleevy's personal capture API a concrete differentiator.
API,save URL API,/docs,developer-solution,USA,P1,,2026-07-16,Needs baseline,Likely lower-volume but highly qualified demand makes Sleevy's personal capture API a concrete differentiator.
API,personal link saving API,/docs,developer-solution,USA,P1,,2026-07-16,Needs baseline,Likely lower-volume but highly qualified demand makes Sleevy's personal capture API a concrete differentiator.
Cross-device,read later app Chrome iPhone,/articles/read-later-app-chrome-iphone,product-comparison,USA,P1,,2026-07-16,Needs baseline,Multi-surface capture is Sleevy's clearest positioning seam and can be proven with a product-focused page.
Cross-device,sync reading list Chrome iPhone,/articles/read-later-app-chrome-iphone,product-comparison,USA,P1,,2026-07-16,Needs baseline,Multi-surface capture is Sleevy's clearest positioning seam and can be proven with a product-focused page.
Cross-device,save links across devices,/articles/read-later-app-chrome-iphone,product-comparison,USA,P1,,2026-07-16,Needs baseline,Multi-surface capture is Sleevy's clearest positioning seam and can be proven with a product-focused page.
Cross-device,cross platform read later app,/articles/read-later-app-chrome-iphone,product-comparison,USA,P1,,2026-07-16,Needs baseline,Multi-surface capture is Sleevy's clearest positioning seam and can be proven with a product-focused page.
Developer workflow,bookmark manager for developers,/articles/bookmark-manager-for-developers,exploratory,USA,P2,,2026-07-16,Needs validation,The workflow matches shipped capabilities but should expand only after higher-priority pages demonstrate demand.
Developer workflow,developer read later app,/articles/bookmark-manager-for-developers,exploratory,USA,P2,,2026-07-16,Needs validation,The workflow matches shipped capabilities but should expand only after higher-priority pages demonstrate demand.
Developer workflow,research link manager,/articles/bookmark-manager-for-developers,exploratory,USA,P2,,2026-07-16,Needs validation,The workflow matches shipped capabilities but should expand only after higher-priority pages demonstrate demand.
Web companion,read later web app,/web-companion,product-solution,USA,P1,2026-07-16,2026-07-16,Published,Browser access completes Sleevy's cross-device story by giving users one place to manage saved links.
Web companion,online reading list,/web-companion,product-solution,USA,P1,2026-07-16,2026-07-16,Published,Browser access completes Sleevy's cross-device story by giving users one place to manage saved links.
Web companion,manage saved links online,/web-companion,product-solution,USA,P1,2026-07-16,2026-07-16,Published,Browser access completes Sleevy's cross-device story by giving users one place to manage saved links.
Web companion,web bookmark manager,/web-companion,product-solution,USA,P1,2026-07-16,2026-07-16,Published,Browser access completes Sleevy's cross-device story by giving users one place to manage saved links.
Homepage,,/,site-inventory,USA,—,,2026-07-16,Inventory only,Inventory-only sitemap page with no dedicated keyword opportunity.
Privacy,,/privacy,site-inventory,USA,—,,2026-07-16,Inventory only,Inventory-only sitemap page with no dedicated keyword opportunity.
Support,,/support,site-inventory,USA,—,,2026-07-16,Inventory only,Inventory-only sitemap page with no dedicated keyword opportunity.
Articles index,,/articles,site-inventory,USA,—,,2026-07-16,Inventory only,Inventory-only sitemap page with no dedicated keyword opportunity.
Raycast guide,,/articles/save-links-with-raycast,supporting-content,USA,P1,,2026-07-16,No separate keyword target,Useful supporting content for the Raycast cluster without assigning a competing canonical keyword.
